topic,question,answer
SEO & Content Marketing,What does your SEO service include?,Our SEO service includes a full website audit, keyword research, on-page optimization, technical SEO fixes, link building, and monthly performance reporting. We create a custom strategy tailored to your industry and target audience.
SEO & Content Marketing,How long does it take to see SEO results?,SEO is a long-term investment. Most clients start seeing measurable improvements in rankings and organic traffic within 3 to 6 months. Significant results typically appear at the 6 to 12 month mark depending on your niche and competition level.
SEO & Content Marketing,What is content marketing and do I need it?,Content marketing involves creating blog posts, articles, guides, and other valuable content that attracts and educates your target audience. It works hand-in-hand with SEO to boost your organic visibility and establish your brand as an authority in your field.
SEO & Content Marketing,How much does SEO cost at NovaMark Digital?,Our SEO packages start at $800 per month for small businesses and go up to $3,000 or more per month for competitive industries or larger websites. We offer a free audit before recommending a package that fits your goals and budget.
Social Media Management,What social media platforms do you manage?,We manage all major platforms including Instagram, Facebook, LinkedIn, TikTok, X (Twitter), and Pinterest. We recommend focusing on 2 to 3 platforms that best match your target audience rather than spreading thin across all of them.
Social Media Management,What is included in your social media management service?,Our service includes content creation, graphic design, caption writing, scheduling and posting, community management (responding to comments and DMs), monthly analytics reports, and a dedicated social media strategist assigned to your account.
Social Media Management,How many posts per week do you publish?,Depending on your package, we publish between 3 and 7 posts per week per platform. We also recommend including at least 2 to 3 Instagram Stories or Reels per week to maximize reach and engagement.
Social Media Management,How much does social media management cost?,Our social media management plans start at $600 per month for one platform with 3 posts per week. Full multi-platform management with ad support starts at $1,500 per month. Custom enterprise packages are also available.
Paid Advertising,What paid advertising services do you offer?,We specialize in Google Ads (Search, Display, Shopping, and YouTube) and Meta Ads (Facebook and Instagram). We also offer LinkedIn Ads for B2B clients and TikTok Ads for brands targeting younger audiences.
Paid Advertising,What is your process for running Google Ads?,We start with a discovery call to understand your goals, then conduct keyword research and competitor analysis. We build and launch campaigns, monitor daily performance, run A/B tests on ad copy and landing pages, and provide weekly reports with optimization recommendations.
Paid Advertising,What is the minimum ad budget you recommend?,We recommend a minimum ad spend of $1,000 per month for Google Ads and $500 per month for Meta Ads to generate enough data for optimization. Our management fee starts at $500 per month which includes full campaign setup and ongoing management.
Paid Advertising,How do you measure the success of paid ad campaigns?,We track key performance indicators such as click-through rate, cost per click, conversion rate, cost per acquisition, and return on ad spend. We provide transparent monthly reports and bi-weekly check-in calls.
Web Design & Development,What types of websites do you build?,We build marketing websites, landing pages, e-commerce stores, portfolio sites, and custom web applications. We work with WordPress, Shopify, Webflow, and custom-coded solutions depending on your needs and budget.
Web Design & Development,How long does it take to build a website?,A standard marketing website takes 4 to 6 weeks from kickoff to launch. E-commerce sites and custom projects can take 8 to 16 weeks. Timeline depends on the number of pages, complexity of features, and how quickly you provide content and feedback.
Web Design & Development,How much does a website cost at NovaMark Digital?,Website projects start at $2,500 for a simple 5-page marketing site. E-commerce stores start at $5,000. Custom web applications are quoted individually. All projects include mobile responsiveness, SEO-friendly structure, and 30 days of post-launch support.
Web Design & Development,Do you offer website maintenance after launch?,Yes. We offer monthly maintenance plans starting at $150 per month that include software updates, security monitoring, backups, uptime monitoring, and up to 2 hours of content updates per month.
Email Marketing,What does your email marketing service include?,Our email marketing service includes list segmentation, email template design, copywriting, campaign setup and scheduling, A/B testing, deliverability optimization, and monthly performance reports covering open rates, click rates, and conversions.
Email Marketing,Which email marketing platforms do you work with?,We work with Mailchimp, Klaviyo, HubSpot, ActiveCampaign, and ConvertKit. We can work with your existing platform or recommend the best one for your business size and goals.
Email Marketing,How much does email marketing cost?,Email marketing packages start at $400 per month for 2 campaigns per month to an existing list. Full list growth and automation setup packages start at $800 per month.
Brand Strategy & Identity,What is included in your brand strategy service?,Our brand strategy service includes a brand discovery workshop, competitor and market analysis, brand positioning statement, messaging framework, tone of voice guide, and a brand style guide covering logo usage, color palette, typography, and visual guidelines.
Brand Strategy & Identity,Do you create logos and visual identities?,Yes. Our design team creates logos, color systems, typography selections, and full visual identity packages. A complete brand identity package starts at $1,500 and includes primary logo, secondary logo, color palette, font selection, and a brand usage guide.
Brand Strategy & Identity,Why is brand strategy important for my business?,A strong brand strategy differentiates you from competitors, builds trust with your audience, and creates consistency across all your marketing channels. It ensures that every piece of content you publish reinforces the same message and values.
Analytics & Reporting,What analytics and reporting do you provide?,We provide monthly performance dashboards covering website traffic, SEO rankings, ad campaign results, social media engagement, and email marketing metrics. All data is consolidated in a custom client dashboard so you can track progress at any time.
Analytics & Reporting,Do you set up Google Analytics and tracking for my business?,Yes. We set up and configure Google Analytics 4, Google Search Console, Meta Pixel, and any other relevant tracking tools as part of our onboarding process. Proper tracking is the foundation of all our data-driven decisions.
General,How do I get started with NovaMark Digital?,Getting started is easy. Book a free 30-minute discovery call on our website. We will learn about your business, goals, and current marketing challenges and recommend the best services and packages to help you grow.
General,Do you work with businesses in any industry?,We work with businesses across many industries including e-commerce, professional services, healthcare, real estate, hospitality, SaaS, and more. We have experience tailoring digital marketing strategies to specific industries and audiences.
General,Do you offer packages or custom pricing?,We offer both. We have standard packages for common service combinations, and we also build custom multi-service packages for clients who need a comprehensive marketing solution. All pricing is transparent with no hidden fees.
General,What makes NovaMark Digital different from other agencies?,NovaMark Digital combines data-driven strategy with creative execution. We assign a dedicated account manager to every client, provide full transparency with real-time reporting, and focus on measurable results tied to your business goals rather than vanity metrics.
General,What services does NovaMark Digital offer?,NovaMark Digital offers eight core services: SEO and Content Marketing, Social Media Management, Paid Advertising, Web Design and Development, Email Marketing, Brand Strategy and Identity, Analytics and Reporting, and General consulting. Each service is tailored to your business goals and backed by dedicated account management and transparent reporting.
